{"cameraMode":{"drawMode":0,"name":"Shaded","section":"Shading Mode"},"sceneLighting":true,"audioPlay":false,"sceneViewState":{"showFog":true,"showMaterialUpdate":false,"showSkybox":true,"showFlares":true,"showImageEffects":true,"showParticleSystems":true},"in2DMode":false,"pivot":{"x":954.0447387695313,"y":545.4881591796875,"z":-0.057667508721351626},"rotation":{"x":-0.007499849423766136,"y":0.0020990411285310985,"z":0.000015807205272722058,"w":0.9999697208404541},"size":1152.559814453125,"orthographic":false}